{
  "lang":"fr",
  "name":"pipeline",
  "version":"0.0.0",
  "spacy_version":">=3.5.2,<3.6.0",
  "description":"",
  "author":"",
  "email":"",
  "url":"",
  "license":"",
  "spacy_git_version":"aea4a96f9",
  "vectors":{
    "width":0,
    "vectors":0,
    "keys":0,
    "name":null,
    "mode":"default"
  },
  "labels":{
    "tok2vec":[

    ],
    "ner":[
      "0",
      "1",
      "3",
      "4",
      "5",
      "6",
      "7"
    ]
  },
  "pipeline":[
    "tok2vec",
    "ner"
  ],
  "components":[
    "tok2vec",
    "ner"
  ],
  "disabled":[

  ],
  "performance":{
    "ents_f":0.8168539326,
    "ents_p":0.836593786,
    "ents_r":0.7980241493,
    "ents_per_type":{
      "6":{
        "p":0.8177496038,
        "r":0.8628762542,
        "f":0.8397070789
      },
      "5":{
        "p":0.8775510204,
        "r":0.8269230769,
        "f":0.8514851485
      },
      "0":{
        "p":0.8571428571,
        "r":0.5106382979,
        "f":0.64
      },
      "3":{
        "p":0.7021276596,
        "r":0.75,
        "f":0.7252747253
      },
      "1":{
        "p":1.0,
        "r":0.5462184874,
        "f":0.7065217391
      },
      "4":{
        "p":0.8888888889,
        "r":0.8571428571,
        "f":0.8727272727
      },
      "7":{
        "p":1.0,
        "r":0.9565217391,
        "f":0.9777777778
      }
    },
    "tok2vec_loss":3766.1053828822,
    "ner_loss":663.2468988967
  }
}