{
  "lang":"fr",
  "name":"pipeline",
  "version":"0.0.0",
  "spacy_version":">=3.5.2,<3.6.0",
  "description":"",
  "author":"",
  "email":"",
  "url":"",
  "license":"",
  "spacy_git_version":"aea4a96f9",
  "vectors":{
    "width":0,
    "vectors":0,
    "keys":0,
    "name":null,
    "mode":"default"
  },
  "labels":{
    "tok2vec":[

    ],
    "ner":[
      "0",
      "1",
      "3",
      "4",
      "5",
      "6",
      "7"
    ]
  },
  "pipeline":[
    "tok2vec",
    "ner"
  ],
  "components":[
    "tok2vec",
    "ner"
  ],
  "disabled":[

  ],
  "performance":{
    "ents_f":0.8284286507,
    "ents_p":0.8382022472,
    "ents_r":0.8188803513,
    "ents_per_type":{
      "6":{
        "p":0.8202764977,
        "r":0.8929765886,
        "f":0.8550840673
      },
      "5":{
        "p":0.9019607843,
        "r":0.8846153846,
        "f":0.8932038835
      },
      "0":{
        "p":0.8518518519,
        "r":0.4893617021,
        "f":0.6216216216
      },
      "3":{
        "p":0.7619047619,
        "r":0.7272727273,
        "f":0.7441860465
      },
      "1":{
        "p":0.9420289855,
        "r":0.5462184874,
        "f":0.6914893617
      },
      "4":{
        "p":0.8571428571,
        "r":0.8571428571,
        "f":0.8571428571
      },
      "7":{
        "p":1.0,
        "r":0.9565217391,
        "f":0.9777777778
      }
    },
    "tok2vec_loss":3505.5418925238,
    "ner_loss":780.3900757453
  }
}