{
  "token_acc":1.0,
  "token_p":1.0,
  "token_r":1.0,
  "token_f":1.0,
  "ents_p":0.3333333333,
  "ents_r":0.3333333333,
  "ents_f":0.3333333333,
  "ents_per_type":{
    "1":{
      "p":1.0,
      "r":0.3333333333,
      "f":0.5
    },
    "6":{
      "p":0.0,
      "r":0.0,
      "f":0.0
    }
  },
  "speed":10577.3169005592
}